Time,Signal
0.0,-0.05845679742237534
0.001,1.5191552344581825
0.002,1.2610926285022965
0.003,-0.3337734207354774
0.004,-1.2345192491976937
0.005,1.3624704660567515
0.006,1.6936936762660504
0.007,1.3344468998016616
0.008,0.06950199087396197
0.009000000000000001,0.45432108987335945
0.01,0.6995130541017385
0.011,1.2284326893155886
0.012,1.2069602148346026
0.013000000000000001,0.11262852715488286
0.014,-1.6734524258253998
0.015,0.3932211704830492
0.016,0.8876692696959928
0.017,0.04827284341357552
0.018000000000000002,-0.14778145374592633
0.019,-0.8219891215721996
0.02,-0.5934598674759526
0.021,1.1228783167080987
0.022,0.4727230152579478
0.023,-0.85904891805035
0.024,-0.6332908583380262
0.025,0.9063536110730366
0.026000000000000002,1.3847721209072366
0.027,0.6463935572769338
0.028,-1.2617163226902748
0.029,-0.6638019269862128
0.03,-0.0796734074258595
0.031,0.580090988879212
0.032,0.7574551776676621
0.033,-1.05093605386851
0.034,-0.7928342040779133
0.035,-0.3987093194970231
0.036000000000000004,0.2452230583822698
0.037,-0.27127101206493964
0.038,-1.9326874826060467
0.039,-1.062165299756278
0.04,-0.7585165640028692
0.041,1.0409138406691851
0.042,0.2188078657947625
0.043000000000000003,-0.26139107284882723
0.044,-1.2324673886570188
0.045,-0.731178768156331
0.046,0.8717156245165985
0.047,-0.196562890392587
0.048,-1.164193344788906
0.049,-1.0013001928289547
0.05,0.0527388741581685
0.051000000000000004,0.060506205446929084
0.052000000000000005,0.31154484854834197
0.053,-1.8443481357155105
0.054,-1.1377677213654258
0.055,0.2545987256306554
0.056,1.5202928987712496
0.057,0.5472312228425931
0.058,-0.2845052780970061
0.059000000000000004,0.4909416421802202
0.06,0.5516283510990103
0.061,1.7212237061155684
0.062,2.2886840811764144
0.063,0.7477162243675386
0.064,-0.1913548659052319
0.065,0.9498665014886788
0.066,1.5518709079436985
0.067,0.7042895752942474
0.068,-0.5185237042066764
0.069,0.5150428414313597
0.07,0.03508101512274242
0.07100000000000001,0.7459455794886812
0.07200000000000001,1.3107210838735142
0.073,-1.1595468523164707
0.074,-2.4967636228419448
0.075,-0.42232760488983156
0.076,0.3320991391820031
0.077,-0.9057684220741394
0.078,-0.8609715193082681
0.079,-1.125185599225624
0.08,0.42875136000922814
0.081,-0.17608318930457945
0.082,1.4333727967228787
0.083,-0.9595705433881194
0.084,-0.21368220704060703
0.085,-1.1101531648110305
0.08600000000000001,1.5739878187469198
0.08700000000000001,0.04526053260515517
0.088,-0.3314158789808416
0.089,-1.4013600181760615
0.09,-0.14984064854970303
0.091,0.9158070467887229
0.092,-0.2574516988300015
0.093,-0.9931322935016733
0.094,-0.8445229057794053
0.095,-0.40954269515968494
0.096,-0.8772391500009106
0.097,-0.16052677152118675
0.098,-0.20692805734450914
0.099,-1.6994644170090045
0.1,-0.45584373346478396
0.101,1.2515501443343982
0.10200000000000001,0.828210314538625
0.10300000000000001,-0.9462678023895384
0.10400000000000001,-0.5823118135794044
0.105,0.7786742594361046
0.106,1.3693571876964856
0.107,1.229143045729379
0.108,-0.189738979333485
0.109,-0.14506557239088635
0.11,1.5422655022511966
0.111,1.9274515281002123
0.112,1.3798780580329035
0.113,0.10369435868597146
0.114,-0.06395453109207305
0.115,0.5602506058554676
0.116,1.5611924837245406
0.117,1.4145177523653452
0.11800000000000001,-0.331900903131308
0.11900000000000001,-0.7661208472150807
0.12,-0.3086108891910403
0.121,1.5063769775490718
0.122,0.7903759959097498
0.123,-0.8964853230275938
0.124,-0.056667170845479675
0.125,0.8717892712944905
0.126,0.7961103324628264
0.127,0.017496685210140916
0.128,-1.3299450897203413
0.129,-1.6431243480384676
0.13,-1.4004194364556553
0.131,-0.644445635544166
0.132,-0.8680556046716634
0.133,-1.881912228583134
0.134,-1.423511893395943
0.135,0.7269528539476717
0.136,-0.5663846166150297
0.137,0.043172740508649124
0.138,-0.7428502925980638
0.139,-0.5288176017260753
0.14,-0.5313186936991809
0.14100000000000001,1.2460094704897888
0.14200000000000002,0.977256702255738
0.14300000000000002,-0.43782384680296205
0.14400000000000002,-0.17269514407302788
0.145,-0.5004306747668371
0.146,1.0042183582574773
0.147,-0.40203392077008404
0.148,-0.3998766642732268
0.149,-2.0392193229433606
0.15,0.4382384592708626
0.151,1.2933826114709173
0.152,0.17375330200295952
0.153,-0.40690961868356634
0.154,-1.3694953667399261
0.155,0.33549048650483115
0.156,0.26185796223484603
0.157,1.2638552353594301
0.158,-0.6978714196191264
0.159,-0.5964036118548817
0.16,0.1364636817441967
0.161,1.3973245682882438
0.162,1.111586906277915
0.163,-0.07349248521085583
0.164,-0.36076514805397675
0.165,-0.6358808680204164
0.166,1.7214816006811986
0.167,2.483869513731036
0.168,0.42194298246043166
0.169,-0.22182337178502223
0.17,-0.018266480145023745
0.171,1.4625413917299517
0.17200000000000001,1.3127452440454181
0.17300000000000001,-0.9704525024693038
0.17400000000000002,-1.4054402587006694
0.17500000000000002,0.704203962713453
0.176,-0.027242401694079543
0.177,-0.15698519813234676
0.178,-1.4399325495120427
0.179,-1.6274790421481766
0.18,0.16133888111055938
0.181,0.035200904399010136
0.182,0.34281072946573965
0.183,-1.1835647304308756
0.184,-1.5562065523052977
0.185,-0.10309010128882093
0.186,1.6282907641392614
0.187,0.5423872034354562
0.188,-0.30101966950611014
0.189,-0.5474007587689387
0.19,0.22501176916507998
0.191,1.1265130263624192
0.192,0.48635939221739233
0.193,-0.2632693031755713
0.194,-1.3215960029896328
0.195,-0.21105277466613548
0.196,1.2646706218067911
0.197,0.6886489517770643
0.198,-0.7719109473668905
0.199,-1.067014361347359
0.2,-0.9212066555786034
0.201,0.8484917212776425
0.202,1.0401293522646982
0.203,-1.2976861780722329
0.20400000000000001,-0.1569017868052608
0.20500000000000002,1.0467759132061651
0.20600000000000002,1.5171579859947284
0.20700000000000002,1.6613177889458044
0.20800000000000002,0.2724692481880904
0.209,-0.1327969185141622
0.21,0.5518334136117928
0.211,0.23938862691830598
0.212,0.5847748945749489
0.213,-0.21440065939847813
0.214,-1.012989427704279
0.215,-0.03386170796083765
0.216,0.949514870444251
0.217,0.07858132535811002
0.218,-0.005439546684092897
0.219,0.4201629999679071
0.22,1.155078034397983
0.221,0.6117544373131657
0.222,0.9997655957225053
0.223,0.7596005481988168
0.224,-0.12908444480052234
0.225,1.0881625475805925
0.226,0.8876963939116678
0.227,0.07047916663482101
0.228,-0.4621439515314631
0.229,-1.2478774031046262
0.23,-0.3038609926991232
0.231,0.11789041847452589
0.232,-0.5153965337059152
0.233,-1.60652483053661
0.234,-1.7269782806476748
0.23500000000000001,-1.5056369531544824
0.23600000000000002,-0.659780420921253
0.23700000000000002,0.2426228998990495
0.23800000000000002,-1.3071675673151868
0.23900000000000002,-1.6632745595522962
0.24,-0.2174846332973528
0.241,1.2709284137887997
0.242,0.8623402199931578
0.243,-0.19096639273586857
0.244,-0.7429176787309318
0.245,0.5321157289010354
0.246,1.282836705440575
0.247,0.35190153881805075
0.248,-0.2131513780765145
0.249,-0.4416538646248634
0.25,0.6091586061351607
0.251,1.8461091128839198
0.252,0.9852192656883647
0.253,-0.6369693257751565
0.254,-1.0219266701042147
0.255,0.2195478257502782
0.256,0.5842182090083609
0.257,0.3917358355602001
0.258,-0.6389063644646658
0.259,-0.9318247066486396
0.26,-0.10025296908780829
0.261,0.8903605705413717
0.262,1.8979986100486212
0.263,-0.2972899233831735
0.264,0.4524934264543301
0.265,1.0723041447750972
0.266,1.6564417630720873
0.267,1.4805040837805978
0.268,0.011437122004250365
0.269,-0.758284891611154
0.27,-0.46776345492695015
0.271,1.3751003834373234
0.272,1.8261739765432234
0.273,0.2808129718623824
0.274,-0.42334545228348813
0.275,-0.17402040069603322
0.276,1.262579613015249
0.277,0.9614132736815735
0.278,-0.5346201375535553
0.279,-1.0683667943798962
0.28,-1.0549592300571236
0.281,0.1936740035296764
0.28200000000000003,-0.20017528444106833
0.28300000000000003,-1.1006927608967196
0.28400000000000003,-1.406166026572856
0.28500000000000003,-0.8245740389275529
0.28600000000000003,0.18301127328045708
0.28700000000000003,0.0167369823896628
0.28800000000000003,-1.361315494158069
0.289,-1.5054120092329817
0.29,0.707595209911799
0.291,-0.5048143660640946
0.292,-0.5260277174637831
0.293,-1.070461924237705
0.294,-2.40280440063464
0.295,-0.44349830054421496
0.296,0.9293416309941449
0.297,0.9764638885961398
0.298,-0.4254245637041884
0.299,-0.99336261058911
0.3,-0.132828704428394
0.301,1.6622510066131637
0.302,2.1382334991725127
0.303,0.578358937183054
0.304,-0.7001990113974986
0.305,0.9738006727982027
0.306,1.8435159560224081
0.307,1.0738299247298073
0.308,-0.38770023948925114
0.309,-1.054383927758635
0.31,-0.07992536325794658
0.311,2.0726046384015477
0.312,0.23813918098754122
0.313,-0.961829523816655
0.314,-0.9948105196489722
0.315,-0.5600190687910998
0.316,1.5612464786928746
0.317,0.5785919479833832
0.318,-0.8305212213223221
0.319,-1.4287168740506795
0.32,0.42417423244200114
0.321,1.5264503336573678
0.322,0.8675085356722434
0.323,-0.34525345104968785
0.324,-0.4560494227527269
0.325,1.1343967392560614
0.326,1.0233595872118055
0.327,-0.348571198560655
0.328,-1.1546703481436165
0.329,-0.20207025482782504
0.33,-0.18351759109993765
0.331,0.7357754135091509
0.332,-0.6752358620543739
0.333,-0.862639788883369
0.334,-1.2081746092492005
0.335,-0.9917065549275399
0.336,0.35944067663549106
0.337,-0.859997132175422
0.338,-1.3550885945673508
0.339,-2.7092718921936627
0.34,-1.1537513004451752
0.341,0.37984796124188885
0.342,-0.0292193651840449
0.343,-1.1884843285947417
0.34400000000000003,-1.296069975558197
0.34500000000000003,-0.001288923540422246
0.34600000000000003,0.33888241810065256
0.34700000000000003,0.9533663101288445
0.34800000000000003,-1.1665862422124635
0.34900000000000003,-0.6081994682524235
0.35000000000000003,0.417074506705702
0.35100000000000003,1.071905976299356
0.352,-0.48599712616415625
0.353,-0.4458484765215637
0.354,0.23767263384673187
0.355,0.14224833462056133
0.356,1.2242787105806856
0.357,0.5613754393357601
0.358,-1.1816694357533803
0.359,-0.13336647673876023
0.36,0.5920676026767419
0.361,1.8683691619637242
0.362,0.8945137822414659
0.363,-0.708886750778249
0.364,-0.8422286472601326
0.365,0.9276350456910725
0.366,1.2412874614248695
0.367,0.5462232525440325
0.368,-0.08251186165917462
0.369,-0.7095280458191351
0.37,1.0702751801446473
0.371,1.737503283287305
0.372,-0.39916748208158037
0.373,-1.461754237091974
0.374,-0.9836683078441215
0.375,-0.5514723121810801
0.376,2.403420264964079
0.377,-0.24472505385512505
0.378,-1.1427256154667658
0.379,-1.1875546810176605
0.38,0.6610862810020434
0.381,0.9791565171883985
0.382,0.32509354728260814
0.383,-1.0952832749849506
0.384,-0.4131961271210868
0.385,-0.08567535889362457
0.386,0.9301944686354626
0.387,0.749159085367216
0.388,-1.1014611167906267
0.389,-1.7520386891969613
0.39,-0.2934484551349986
0.391,-0.42542775710594555
0.392,-0.7036198899690724
0.393,-2.0687987732525235
0.394,-1.2386867840043825
0.395,-0.610743553642288
0.396,0.27053736743731926
0.397,-0.5532444485902887
0.398,-1.6863488283764363
0.399,-1.5940308212495022
0.4,0.6212153146049565
0.401,1.0848809321352875
0.402,0.846146924293044
0.403,0.9585040358045587
0.404,-0.591842845952559
0.405,0.9587439327593101
0.406,2.093045412581851
0.40700000000000003,1.4775913293032974
0.40800000000000003,0.49975260284182454
0.40900000000000003,0.007346557506225315
0.41000000000000003,0.6053431145953146
0.41100000000000003,2.3553807680707717
0.41200000000000003,0.8729932751167658
0.41300000000000003,0.0690652154216389
0.41400000000000003,-0.871637311179967
0.41500000000000004,-0.00695539306820378
0.41600000000000004,1.0117230206516548
0.417,0.2111029058768482
0.418,-0.34706118563334415
0.419,-1.0157011333184538
0.42,0.5628816728298407
0.421,2.5467578524314662
0.422,1.2659844565571499
0.423,-0.6705593818671006
0.424,-1.0446332130146962
0.425,-1.2102440295459784
0.426,1.2041120390822928
0.427,1.1008299659747751
0.428,-0.08763976210837876
0.429,-1.0090154811819083
0.43,0.004935552001935642
0.431,0.5933994218178342
0.432,0.23252206561214245
0.433,-1.1079696987468746
0.434,-1.1369835244362705
0.435,-0.962774318777042
0.436,0.4029444131514329
0.437,-0.5989731754838056
0.438,-1.464226629715775
0.439,-1.4467518980488057
0.44,-0.8986276113259015
0.441,0.05906769217737168
0.442,0.39591289085796244
0.443,-0.3218579772677287
0.444,-1.6076631890730029
0.445,-0.5180155089816589
0.446,0.2776055123193197
0.447,0.7407101629280295
0.448,0.37481797966565156
0.449,-1.91589302434638
0.45,-0.5486708241023255
0.451,0.9752677555842546
0.452,0.8062723262959084
0.453,0.02313241480089545
0.454,-1.0925815241640051
0.455,-0.35082305806356817
0.456,0.6257237547784956
0.457,1.6181332132147093
0.458,-0.5763667513270121
0.459,-0.4722135699838328
0.46,0.012196138079480945
0.461,1.6005544603446882
0.462,1.339791208540962
0.463,0.45419413608483306
0.464,0.5195669860385833
0.465,1.1515176952632287
0.466,2.0060010831658097
0.467,0.8644018223567602
0.468,-0.06753255020937163
0.46900000000000003,-0.5720587536036297
0.47000000000000003,0.8026263038442834
0.47100000000000003,1.3246394722117776
0.47200000000000003,1.2727424372503997
0.47300000000000003,-1.5782607095516545
0.47400000000000003,-2.097784877499743
0.47500000000000003,-0.8923363721715614
0.47600000000000003,0.3102785239373682
0.47700000000000004,-0.3432822646641461
0.47800000000000004,-0.968978257669481
0.47900000000000004,-1.165254411336344
0.48,-0.8061259872225017
0.481,0.19935775857431492
0.482,0.3325010720605058
0.483,0.15563362435692907
0.484,-1.2719283151344487
0.485,0.2339299358433073
0.486,0.5716756850703019
0.487,0.22571453943593
0.488,-0.9203182946616313
0.489,-1.3775851146760427
0.49,-0.8104248301569992
0.491,0.27844079790502463
0.492,0.12298163328128751
0.493,-1.030455276518857
0.494,-2.444644929223592
0.495,-2.218951960149199
0.496,-0.43838638021444665
0.497,-0.43763112041924
0.498,-1.4446019481798449
0.499,-0.9458008683533099
0.5,-0.34611271591908643
0.501,0.37960698548548527
0.502,0.6645237644607396
0.503,-0.9924844544369292
0.504,-0.9064628968236376
0.505,0.6740228586700713
0.506,1.5718604730876649
0.507,1.4712957022390107
0.508,0.4544283878321627
0.509,0.6584739341510838
0.51,0.0406153821492794
0.511,1.6204910005843354
0.512,1.0093239845912034
0.513,0.41557263192493854
0.514,-0.22828709704623454
0.515,0.927491363762205
0.516,1.721560809712406
0.517,0.36351903009181774
0.518,0.6092206097077664
0.519,-2.0011628352444912
0.52,0.5486318306029139
0.521,1.5824433782852851
0.522,0.6368110960497518
0.523,0.23462709866825693
0.524,-1.0288798280020213
0.525,0.7951370643322597
0.526,0.4006096077253772
0.527,0.3612981729002036
0.528,-0.9265801285591743
0.529,-2.1029270357800316
0.53,-0.699130003966177
0.531,-0.08454329106725583
0.532,0.1781100942763223
0.533,-1.0074043887878346
0.534,-1.946905813043451
0.535,-0.7238898784555103
0.536,0.6132220919488577
0.537,-0.6097432712482704
0.538,-0.7558924517739857
0.539,-0.6976690752816466
0.54,0.3401629272290309
0.541,0.9241035090385622
0.542,-0.025437616144242337
0.543,-1.3739635879878613
0.544,-0.5223484582328404
0.545,0.12238764575341994
0.546,0.6463704061346494
0.547,0.47225378291555864
0.548,-0.8481213658747706
0.549,-0.6599207186208091
0.55,-0.11800345167003916
0.551,1.4327171593888197
0.552,-0.07299240203350221
0.553,-0.7839760452358321
0.554,-0.648747426371623
0.555,-0.36905045903068634
0.556,1.0639425489803696
0.557,1.0799129012513689
0.558,-0.28699904569075374
0.559,-0.9619027077833296
0.56,0.8857815451572404
0.561,2.37485421453765
0.562,1.5857185381245125
0.5630000000000001,0.7701655522635839
0.5640000000000001,0.9912653171734691
0.5650000000000001,1.5890415527877744
0.5660000000000001,2.2366308816442544
0.5670000000000001,1.7275284356109188
0.5680000000000001,0.511754019098908
0.5690000000000001,-0.9680468482596493
0.5700000000000001,0.31788011521281356
0.5710000000000001,2.005113767159069
0.5720000000000001,-0.41443495580841394
0.5730000000000001,-0.5931625164369502
0.5740000000000001,-1.6455046804729216
0.5750000000000001,0.5899888645019337
0.5760000000000001,0.1850534169101487
0.577,0.596529143548576
0.578,-1.5369154009485892
0.579,-2.0103949887489416
0.58,-0.7984150773933811
0.581,0.0008020506986852749
0.582,-0.27983167506423656
0.583,-1.0042881429721453
0.584,-1.5316212598018737
0.585,-0.40909246959823564
0.586,1.3199795480142493
0.587,0.19094386407897068
0.588,-0.2805221203942493
0.589,-1.258071715888005
0.59,-0.0686988647455472
0.591,0.4969575891975311
0.592,-0.1287245264641021
0.593,-0.7930368025385596
0.594,-1.083129728986638
0.595,-0.6732582499548694
0.596,0.6112369403258385
0.597,1.1024097474305092
0.598,-0.46867175796995647
0.599,-0.6287555745715875
0.6,1.1006436136035547
0.601,0.6984569818329294
0.602,0.3409700820195914
0.603,-0.3462248197443357
0.604,-0.5886560036359414
0.605,0.32317318982833476
0.606,2.354144170981065
0.607,1.7188552877865928
0.608,0.09103570829174512
0.609,-0.28004764811549276
0.61,0.019534404197168287
0.611,1.4011684607459163
0.612,0.42908265295410436
0.613,-0.48716196390327005
0.614,-0.6297785351190283
0.615,0.5462811383434081
0.616,1.868157734989378
0.617,1.2837559263196894
0.618,-1.2563676245998798
0.619,-0.3440780729798777
0.62,0.9223645271853643
0.621,0.6527649621161156
0.622,1.2556630002802507
0.623,-0.01151621721622461
0.624,-0.27724872756234775
0.625,0.1460806841481883
0.626,1.980869829226867
0.627,0.36244971130382186
0.628,-0.9479720792036381
0.629,-0.9366841164605866
0.63,-0.599065308504497
0.631,0.12841512460816118
0.632,-0.42829201242537507
0.633,-1.402815512555734
0.634,-2.4028141515619574
0.635,-0.9854525803748485
0.636,-0.20769153076118102
0.637,-0.8594667824292023
0.638,-1.6799092751547848
0.639,-1.708425737898553
0.64,-0.4290645231908915
0.641,1.1574562096968495
0.642,0.7621851366995788
0.643,-0.626393320846943
0.644,-1.0315227636495363
0.645,0.40113636576624057
0.646,1.6262552291354246
0.647,1.7863298324731913
0.648,-0.8496267202087391
0.649,-0.37467511655126334
0.65,0.8584144531417077
0.651,1.3368012048725177
0.652,0.7511148764625021
0.653,-1.2708463655195672
0.654,-1.1032946897399318
0.655,-0.6854429209159356
0.656,0.18611882775502697
0.657,1.7322589468932157
0.658,-0.5728364129667464
0.659,-0.3130616214821015
0.66,-0.9024835143255405
0.661,1.3584584692554904
0.662,1.5830981267754818
0.663,0.16440639441878216
0.664,-0.14736762200168682
0.665,0.740412741509091
0.666,1.4538861604510807
0.667,1.9150572376766974
0.668,1.4138258824406769
0.669,-0.31242320928837364
0.67,0.3431033618962691
0.671,1.756493937043561
0.672,1.7421061287436854
0.673,-0.9487828028236542
0.674,-1.412394947816118
0.675,0.013625416807009086
0.676,1.7328384473537284
0.677,1.151010453724318
0.678,-0.10079338497100343
0.679,-1.40998704050708
0.68,-0.3562527075607058
0.681,0.9895823280801135
0.682,0.2613582672894488
0.683,-1.2771255619587556
0.684,-1.4544411882116037
0.685,0.9265601906424237
0.686,-0.3296132648467502
0.687,0.7133715284081448
0.6880000000000001,-0.9113580442745608
0.6890000000000001,-1.4312747491361053
0.6900000000000001,-0.5182711256560769
0.6910000000000001,-0.24577181477755608
0.6920000000000001,-0.3499987307603841
0.6930000000000001,-1.7840888309497407
0.6940000000000001,-1.1217038981422198
0.6950000000000001,-0.5436134074678773
0.6960000000000001,0.3794736464989552
0.6970000000000001,-0.19549277826890338
0.6980000000000001,-0.6076621465047657
0.6990000000000001,-0.935042774172437
0.7000000000000001,0.668016339739668
0.7010000000000001,1.9755505565200568
0.7020000000000001,0.49839619693963133
0.7030000000000001,0.5862246268444027
0.704,0.48985378577423594
0.705,1.5299883244818895
0.706,1.7862840691873711
0.707,0.29526338773274985
0.708,-0.6113598014338797
0.709,-0.215652190974576
0.71,0.1921060606378442
0.711,0.33859771033829045
0.712,0.7326046929195388
0.713,0.1886932184448642
0.714,-1.1023096340989282
0.715,0.35683124393341237
0.716,0.43649211616995504
0.717,0.5001190115158263
0.718,0.17410547756470895
0.719,-0.8493275980708614
0.72,0.6322811951674124
0.721,1.2227738221171622
0.722,1.7573648421844816
0.723,-0.027349158013677866
0.724,-1.0755350262372492
0.725,0.8081834565803047
0.726,1.933585772663879
0.727,1.6022710082860465
0.728,-0.10525378339528682
0.729,-0.038523144155419464
0.73,-0.017548822001745304
0.731,0.32187774191645463
0.732,1.1316508803817005
0.733,-2.202787199657168
0.734,-2.315052812775826
0.735,-1.1133149632719843
0.736,0.161676243764291
0.737,-0.13776674758475393
0.738,-2.1890953355988936
0.739,-1.2587036303123198
0.74,-1.604833233224436
0.741,0.7151995010741776
0.742,0.07997868462174115
0.743,-0.6960370827473719
0.744,-1.9430119926257188
0.745,0.12117011747479307
0.746,1.5865098724280622
0.747,0.7710524515815992
0.748,-1.0359276792172485
0.749,-0.8318338163055731
0.75,0.2586837404157973
0.751,2.1676291166513932
0.752,0.2999755386193885
0.753,-0.26981924730329493
0.754,-0.08032946778486272
0.755,0.28353533056665453
0.756,1.3041394127697457
0.757,1.52854643003939
0.758,-0.7275688443967943
0.759,-0.2214269885624694
0.76,-0.009592580325379407
0.761,1.5930761234756496
0.762,0.7674858147049299
0.763,-0.35130532261312
0.764,-0.4547729935960265
0.765,0.6906375803423328
0.766,1.1271408741016902
0.767,0.8146544116964083
0.768,-0.3135250953034879
0.769,-0.17548502193022542
0.77,-0.5248720594766311
0.771,0.8638688783850664
0.772,0.6059550301673456
0.773,-1.0265246690718248
0.774,-1.0351181594843446
0.775,-1.1434198192722884
0.776,0.8054082240443337
0.777,0.2458898963175683
0.778,-0.4371548315008784
0.779,-0.984004477793373
0.78,-0.6494738678267022
0.781,0.9302336711480205
0.782,0.3316726853454918
0.783,0.07692088790908558
0.784,-1.377854926411178
0.785,0.6804265953818907
0.786,0.42382420850966845
0.787,0.7248875531143464
0.788,-1.2507092073493737
0.789,-0.9888324051031769
0.79,-1.6154268446051923
0.791,-0.18112791942489137
0.792,-0.5415310164243612
0.793,-1.272430681972895
0.794,-1.8298380982605913
0.795,-0.8591927175047148
0.796,-0.019687758256477506
0.797,-0.9707909008062001
0.798,-0.8331202535821609
0.799,-0.8772777449165245
0.8,-0.16900088339366273
0.801,0.9779032459347289
0.802,0.8492988676893951
0.803,-0.4862460772208387
0.804,0.02853268273211862
0.805,1.0337981304351327
0.806,1.1247787241519327
0.807,2.1572241867514084
0.808,-0.063940619223947
0.809,1.2599033542918454
0.81,0.9695981957541513
0.811,1.0603197529720232
0.812,1.9211321858463113
0.8130000000000001,-0.43910742407571823
0.8140000000000001,-0.9849268435455136
0.8150000000000001,-0.12620164783828808
0.8160000000000001,0.3992465499128963
0.8170000000000001,0.9040648137390751
0.8180000000000001,-0.7158259264861789
0.8190000000000001,-0.06346250404891218
0.8200000000000001,-0.5898544073887942
0.8210000000000001,-0.38853540596553005
0.8220000000000001,0.8069351448769839
0.8230000000000001,-0.9962336957187499
0.8240000000000001,-0.6592255966437818
0.8250000000000001,1.1941736537613687
0.8260000000000001,0.7396445318805192
0.8270000000000001,0.5985617567527439
0.8280000000000001,-1.1335544803985387
0.8290000000000001,-0.3069030073488769
0.8300000000000001,-0.4232217630431868
0.8310000000000001,0.7824787761537406
0.8320000000000001,0.2612821386665189
0.833,-1.269497210519372
0.834,-0.729359148528761
0.835,-0.1383969668960322
0.836,0.06522852974417687
0.837,0.09429694947656192
0.838,-1.238501715520146
0.839,-1.4978206501038662
0.84,-0.5836499703791524
0.841,1.3028486271829172
0.842,-0.09835930085264466
0.843,-1.6531396821789284
0.844,-0.902052648003318
0.845,-0.41602316101910536
0.846,1.4324373160523642
0.847,0.42383377299381314
0.848,-0.8988939992170647
0.849,-1.591045155194803
0.85,-0.07491773439458047
0.851,0.8110234582820389
0.852,0.5467165467900679
0.853,-0.45810068563138917
0.854,-1.3710824506070436
0.855,0.43615060058581523
0.856,1.702232158917599
0.857,1.3765650277463493
0.858,-0.38569569513308166
0.859,-0.4228799389681549
0.86,0.8835617256961444
0.861,1.929208334959299
0.862,0.6324285007041605
0.863,0.8410239204246183
0.864,-0.11885576102958494
0.865,0.9396168879502224
0.866,1.4079554594585582
0.867,0.6017103534358392
0.868,0.5782644013427659
0.869,-0.8949120116447485
0.87,0.4693681042044143
0.871,1.0278524114324636
0.872,0.2884421479842495
0.873,-0.7569246530665287
0.874,-1.0742978721631322
0.875,-0.052974953313084994
0.876,0.7229949821649079
0.877,-1.078827825634486
0.878,-0.5531245200377468
0.879,-1.3835599351263161
0.88,-0.28322820298071905
0.881,1.425113086892156
0.882,-0.4081632980926665
0.883,-0.9324724552327049
0.884,-0.9158166622661209
0.885,-1.0403360966339814
0.886,0.5429548806019009
0.887,0.9129676995017701
0.888,-0.5567821322571068
0.889,-0.5036885959506747
0.89,-0.5951434940299353
0.891,0.6625758859674351
0.892,-0.13164587686400148
0.893,-1.7797216281502881
0.894,-1.2575116254369205
0.895,-0.09305170650291172
0.896,-0.3964019483790428
0.897,-0.9386917462657302
0.898,-1.0308604765292961
0.899,-1.1819376594097213
0.9,-0.46871459000305116
0.901,0.928765349763204
0.902,1.885663941717705
0.903,-1.003684282512367
0.904,-0.771179683927095
0.905,0.7345041727544417
0.906,0.7119883203254117
0.907,0.5972132866408706
0.908,0.6470448975101225
0.909,0.6353873743192495
0.91,1.478318448138408
0.911,1.5406905049364361
0.912,1.2623049071716563
0.913,0.6177180663574116
0.914,-0.7543409452932168
0.915,0.9372070906707404
0.916,0.5035277703303678
0.917,2.0550570982815928
0.918,0.09487133600031414
0.919,-0.462591018033824
0.92,-0.3260112979754621
0.921,1.4347242386277157
0.922,1.0964073209851684
0.923,-0.7387304224956226
0.924,-1.3041036399561978
0.925,-0.08011940377976921
0.926,0.7652372030137732
0.927,0.5786159101384891
0.928,-1.020333613909417
0.929,-0.9201857699104043
0.93,-0.6132386287513225
0.931,0.29919095523112216
0.932,-0.6503168779540681
0.933,-1.1390337620270792
0.934,-0.8299716344763847
0.935,-1.4775822502228768
0.936,1.2793971053392235
0.937,0.6245408528435957
0.9380000000000001,-0.8568495765744282
0.9390000000000001,-1.3467286989514347
0.9400000000000001,-1.1898924289176906
0.9410000000000001,0.9004090328442147
0.9420000000000001,0.2584224814098567
0.9430000000000001,-0.39084339255699024
0.9440000000000001,-0.24562277188597836
0.9450000000000001,0.09547352418110686
0.9460000000000001,0.9781368454706145
0.9470000000000001,1.1773803648681551
0.9480000000000001,-0.6727346773065104
0.9490000000000001,-0.5574099652027785
0.9500000000000001,0.004468586792981233
0.9510000000000001,0.683386321034669
0.9520000000000001,0.3267904950629087
0.9530000000000001,-1.3117810234529879
0.9540000000000001,-0.6657825072624165
0.9550000000000001,0.10673066634969258
0.9560000000000001,0.5461261079369958
0.9570000000000001,0.5977733463870459
0.9580000000000001,-0.32162313578723684
0.9590000000000001,-0.614428937135431
0.96,0.08511203802668665
0.961,0.45391660941819656
0.962,0.8466282885233508
0.963,0.8550636080033331
0.964,-0.4614235724053775
0.965,1.137101433795631
0.966,2.426634390553916
0.967,1.4822705006637076
0.968,0.3519705257709441
0.969,0.16640996407961572
0.97,1.2404569460522765
0.971,1.083608245226857
0.972,-0.35165705524142343
0.973,-1.9057724042968478
0.974,-1.2508849089419152
0.975,-0.12113228760440903
0.976,0.9206723934831298
0.977,1.0714096482497484
0.978,-2.4892894875440543
0.979,-1.9845200723085126
0.98,-0.44956759304786
0.981,0.5659478057086889
0.982,0.9202969522060458
0.983,-1.6441575198115284
0.984,-0.8844697383901154
0.985,0.6629362468772846
0.986,0.6552558910569776
0.987,0.42474176062185426
0.988,-0.32922021572020393
0.989,-1.1497489209237708
0.99,0.031513849709599584
0.991,1.178574678202119
0.992,-0.11001451472739116
0.993,-1.069435629980457
0.994,-0.21760755358795758
0.995,-0.3422165520830054
0.996,0.23969630620022736
0.997,-0.6052421866940101
0.998,-0.44232509318845553
0.999,-0.9722532940673777
